id,make,model,year,license_plate
1,Toyota,Camry,2009,F76Ik59s
2,Honda,Civic,2001,euJs5ka9j2Em
3,Nissan,Maxima,1996,DiJxKPfj6m
4,Pontiac,Firebird Trans Am,1986,xmxKIzk9lJgp
5,Mitsubishi,Galant,1986,Cgwi1Oh
6,Toyota,4Runner,2011,8gTpj0uq5
7,Mitsubishi,L300,1989,vmPMsZWCywIr
8,Chrysler,Voyager,2002,TOR2iZcVFe14
9,Volkswagen,GTI,1987,fZw32L2
10,Ford,Ranger,1995,WdymAd7FZsk
11,Hyundai,Elantra,2008,B8eHuPj
12,Ford,Crown Victoria,1995,rhr6acXmIo88
13,Ford,F250,1995,4MiQeXTKh
14,Chevrolet,Suburban 2500,2010,P4qzT2qwsh9
15,Maserati,Quattroporte,2012,sxwfvw
16,Ford,Taurus,1997,y8W5k7VJwo
17,Mercedes-Benz,G-Class,2007,xc0awjqwAl
18,Chevrolet,Monte Carlo,2007,12KSaKof5blQ
19,Volkswagen,Eurovan,1993,BQRTCl
20,Mercury,Montego,2007,2k9kNnTb
21,Buick,Rendezvous,2002,hcvZzUlB2Rn
22,Audi,A8,2004,agLd1B01
23,Saab,9-3,2006,ZAOpOb
24,Mitsubishi,Outlander Sport,2012,b9IYtCxnR6M
25,Audi,80,1990,805ixlFj
26,Chevrolet,Camaro,1980,qERsbFOv
27,Chevrolet,Suburban 1500,2005,1o7qCr0GD
28,Lincoln,LS,2002,DWhTJcRD
29,Isuzu,Amigo,1992,eOHU0kpW
30,Mercedes-Benz,SLK-Class,2012,0z6uVX6Z
31,Daewoo,Nubira,1999,ADvOCbY
32,Buick,Rainier,2006,0eYe06
33,Chrysler,Pacifica,2007,4DXuj840sOLg
34,Ford,Focus,2002,EHl9dwzLc5CO
35,Ford,Aerostar,1994,atTV5unnD
36,Audi,90,1988,EJOByOK7J
37,Toyota,Corolla,2009,SIVuBfcZ
38,Ford,Mustang,1993,bv4FoPF
39,Audi,riolet,1996,UWEncWGX
40,Cadillac,SRX,2009,lbKiiv2ROOu
41,Toyota,Tundra,2000,p1XzSS
42,Kia,Sorento,2011,uWg3ggB
43,Subaru,Forester,2000,JBqFMDiqc
44,Bentley,Continental,2005,GDz5CJB0JTlt
45,Nissan,Armada,2008,5dk7zhwo
46,Ford,E250,2009,cMudJ7LY7
47,Ford,Taurus,2011,zAKHN7
48,Ford,Expedition,2004,RHFXVz3WpAs
49,Volvo,XC90,2006,HzT4uH
50,Mitsubishi,Mighty Max,1994,nNMqHRxr
51,Suzuki,SJ,1992,CmgTpE
52,Volvo,S40,2007,eyBIWk
53,Nissan,Titan,2006,SWhSOI
54,Audi,Allroad,2005,wWjhIWN8Q
55,GMC,Sonoma,1999,gagtpSxc
56,Volkswagen,Beetle,1965,i9kc6Y
57,Hyundai,Equus,2011,mQ0FjC
58,Mercury,Capri,1991,CAM2o7ZtRTX
59,Toyota,T100,1998,UBNTYx
60,Ford,F-Series,1991,QcERsf
61,Volkswagen,New Beetle,2003,f2RWpLDWOQ6A
62,Ferrari,599 GTB Fiorano,2009,RVGvOG
63,Jeep,Liberty,2010,7ICLxJlVyUZ
64,Ford,Escape,2013,Yw44BfZ
65,Porsche,Boxster,1998,Lw8hpw0QqE
66,Jeep,Grand Cherokee,2012,CDNLHfs
67,Suzuki,Swift,1992,Zn4YiHgY
68,Chevrolet,Corsica,1992,muXlh1tLO
69,Honda,S2000,2007,HEefCzB
70,Mercury,Mountaineer,2004,zJA3MbeFo
71,Dodge,Ram 1500,1994,70FExReemn
72,Toyota,Solara,2007,FZObZrHDCgsJ
73,Dodge,Ram Van 3500,1998,lA0aNMsHqUy
74,GMC,Savana 1500,2011,Zj9JWXxrJmB
75,Pontiac,Montana,2004,Uy0gr2g5Cub
76,Pontiac,LeMans,1990,ydjCI8
77,Lincoln,Navigator,1998,dAv9X3KlAU
78,Mercedes-Benz,SLK-Class,2009,jrXA6fH9h
79,Chevrolet,Malibu,2004,gJrjOAZnqA
80,Lexus,GX,2007,AFCTrZRbbc
81,Volkswagen,Jetta III,1993,U6BgExvOHK
82,Oldsmobile,Ciera,1994,QvOHOV
83,Ford,Explorer,2013,v9KTXsu
84,Hyundai,Excel,1993,kkGAUW6mG
85,Suzuki,Equator,2010,L4a8ej6
86,Hyundai,Sonata,1996,hQkDnpL
87,Mercury,Topaz,1984,uBB4hlHs8jb1
88,Chevrolet,Tahoe,2003,ndHL4Av03S
89,Acura,TL,2008,D7TaHGtWl
90,Saturn,Sky,2008,kxwGHE8Q
91,Pontiac,Fiero,1986,ARf7SIS0v7
92,GMC,Yukon XL 1500,2002,i5emLfjRw1rl
93,Hyundai,Santa Fe,2004,UXAOViRFwd7O
94,Buick,Lucerne,2007,RqSa5d5
95,Mazda,B-Series Plus,2002,8wt2UWJ
96,Panoz,Esperante,2007,oM5Ntq
97,Mitsubishi,Raider,2009,2kN6KFHvn
98,Infiniti,FX,2006,Zn4TN4
99,Toyota,Land Cruiser,1996,8zOAghCQU
100,GMC,Envoy XL,2003,YnWSezUyT
101,Buick,Roadmaster,1991,oVrXTcPk1
102,Infiniti,FX,2012,w0ZANC4r
103,Nissan,Armada,2006,p0so5PdkJ
104,Honda,Ridgeline,2012,iuaV84
105,Chrysler,Town & Country,2004,k0HFj31A
106,BMW,X5,2007,KaFdiQRdmy
107,Suzuki,Grand Vitara,2008,8ugjCSwj
108,Volvo,XC60,2010,xkq1v3ID5f
109,Mercury,Grand Marquis,1993,tKggS129z
110,Saab,9000,1991,93lHPNjv
111,Pontiac,Bonneville,1995,4fRbRmWXWOPd
112,Mercedes-Benz,W201,1990,tiIeKgUI6tF
113,Volkswagen,Jetta III,1995,lZIukD00m
114,Ford,Mustang,1988,yZAVmbJq
115,Volkswagen,Golf,1989,CBPTFjRo
116,Chevrolet,G-Series 2500,1996,33I7sWNyZlE
117,Mercury,Milan,2011,dA8gQ7
118,Oldsmobile,Silhouette,2004,RgNT7o
119,Jeep,Compass,2011,16c3oJYa
120,Mercedes-Benz,W201,1986,FerduqZjc
121,Mercedes-Benz,M-Class,2009,Jo7wNmVhp
122,Acura,TL,1997,yLKS03
123,Chrysler,300,2007,LGNvekR
124,Honda,Accord,2004,qsskEwTH5Ao
125,GMC,Sonoma Club Coupe,1993,3HL5asQ0jVi
126,Pontiac,Solstice,2007,Vzsjiqnu0MB2
127,Audi,RS 4,2008,45E2Kvr
128,Chevrolet,Avalanche 2500,2004,apZyqI0
129,Audi,A8,1997,z78GoZ6e6
130,Mercury,Mystique,1997,70foLbhs
131,Subaru,Legacy,1997,SyiS5L
132,Lotus,Exige,2012,daCb9Kti3FqB
133,Lincoln,Continental,1996,8wQ6RJX
134,Kia,Sportage,2008,n5D5nud
135,BMW,5 Series,2006,5H34SOfuQQl
136,Chevrolet,Silverado 3500,2001,HhFfsuK19nI
137,Suzuki,Swift,1989,HPQF18eclx
138,Toyota,Highlander,2006,8rubTNx8nLd
139,Jaguar,S-Type,2004,V7LbNtlkZ41
140,Jaguar,X-Type,2004,CRDaax
141,Pontiac,Sunfire,1998,oIHaoA
142,Toyota,Supra,1995,ffREjiGW2XP
143,Chevrolet,Avalanche 2500,2003,qjYdgYyjtFE
144,Acura,NSX,1999,6N5Mfg36qsh
145,Audi,V8,1990,ERgUeg1Hx
146,Toyota,Xtra,1995,cYtos61K
147,Mazda,MX-5,2010,AH8F34l
148,Chevrolet,G-Series G20,1992,ijBSjTeDT
149,Lexus,RX,2008,XkGak2m
150,Pontiac,Daewoo Kalos,2005,Hcnaot03
151,Chevrolet,Corvette,2006,nKVZClTj
152,Nissan,Quest,2007,8b1RUuc8
153,Austin,Mini Cooper S,1963,wq21lEfu8X
154,Hummer,H2,2006,98wTCma
155,Mazda,Tribute,2002,QD13xbW7wt
156,GMC,Yukon XL 1500,2001,cLb8Edjf1IRx
157,Mitsubishi,i-MiEV,2012,UBHZya9m5fqq
158,Mazda,MX-5,2009,TcQj86sHGH
159,Audi,A5,2008,7y3u2dkz
160,Dodge,Challenger,2009,5ZzRWPQrhBj
161,Mercury,Milan,2006,RRArTs9EL6
162,Mercury,Grand Marquis,2010,SEhFLAIy
163,Acura,TL,2002,1em0FnDAS
164,Chevrolet,Corvette,1999,hc6yKAHfco
165,Morgan,Aero 8,2009,wC3ZAG9GwpH
166,Ford,Tempo,1990,p3aeFMeSIol
167,GMC,3500,1993,1JZTch9mbL7m
168,Mazda,Protege,1996,JIRZsrtSct
169,Saab,9-5,2000,nY5WlFJ43
170,GMC,Savana 2500,2000,JUUKrI6ro
171,Chevrolet,TrailBlazer,2002,aSt5SftxuNQF
172,Dodge,Ram 2500,2002,Hw2mNT9fu6
173,Acura,ZDX,2012,eFa0EukKVbix
174,Subaru,Tribeca,2012,a8tA084ZlWTN
175,Chevrolet,Astro,2003,jKFeclhQY
176,Ford,EXP,1988,reP9K1Jo
177,Jaguar,XK Series,2004,XfRCSTyV
178,MINI,Cooper Clubman,2008,um7Kxux8
179,Volkswagen,Jetta,1986,HO9N1Jzj63r
180,Ford,Explorer,1997,U30onUkVweV
181,Mitsubishi,Expo,1995,UkeS4RQxopGO
182,Dodge,Ram 2500 Club,1997,khbsXXeu
183,Ford,Escape,2005,iVWJYmCc0B
184,Chevrolet,Silverado 3500,2011,W7oL4PzU
185,Mitsubishi,Excel,1988,Vwwl6nzkWj1w
186,Toyota,Previa,1993,qamTkwhfmJb
187,Volkswagen,CC,2012,XODwILO
188,Ford,Taurus,2011,RuyCkb0oRHsu
189,Mercury,Mountaineer,2009,NBMbEp
190,Chevrolet,Astro,2000,Qy5waSKY
191,Mercury,Grand Marquis,2005,MjZKW8V
192,Jaguar,XJ Series,1997,HTfCw0
193,Mazda,Miata MX-5,1992,iHuNday
194,Hyundai,Veracruz,2010,9KRtIoq
195,Honda,Odyssey,2007,DFLkVph76
196,Nissan,Xterra,2007,rtM4JM7fRv
197,Ford,Explorer,1999,Y0fnayTimiT
198,Ford,Fusion,2012,26Aj2lgm0
199,Ford,Taurus,1987,R5aPyns
200,Buick,Roadmaster,1992,enImnJ
201,Dodge,Ram Van 1500,1997,7ktcjXLzQ
202,GMC,Sierra,2008,kS5zgLST0WPC
203,Mitsubishi,Mighty Max Macro,1992,InUCISp
204,Suzuki,Grand Vitara,1999,IQZjMj
205,Toyota,Camry Solara,2006,sYTGiBGr36xd
206,Volkswagen,Passat,1994,taYlp2m
207,Infiniti,G,1995,ScUGsn2
208,Pontiac,Grand Prix,1968,6j3JMf8
209,Ford,Galaxie,1966,mGuPhxnjOFZq
210,Mercury,Mariner,2006,HzeRBItZBn
211,Mercury,Sable,1987,svi44Xpn2
212,Chrysler,Concorde,1996,opAywJ
213,Audi,200,1990,ZK3kivAo6
214,Infiniti,M,2011,9OytD3hV
215,Ford,F-Series,1995,ZtC3OgQ6CVS
216,Saturn,VUE,2004,KMkuAaxx
217,Dodge,Stealth,1992,EMyFmkpd3
218,GMC,2500 Club Coupe,1992,f69Wu6
219,Ford,Focus ST,2013,7KOC4E4lAk
220,Volkswagen,Phaeton,2005,1M0m8EpysC
221,Hyundai,Santa Fe,2010,GXf4VuN
222,Suzuki,Forenza,2004,o3OG0eFFSoAC
223,Lexus,LS,1999,ketO9k
224,Dodge,Caravan,1994,7non8C1q
225,Bentley,Continental Super,2012,qXQksama
226,Subaru,Justy,1990,mnf4haG
227,Toyota,MR2,1992,nYSJZptSe
228,Mitsubishi,Challenger,2003,v8jtJadUhbU
229,Infiniti,QX56,2011,gutd6XoqXel7
230,Mitsubishi,Endeavor,2009,MapTYuTB
231,Mercedes-Benz,CL-Class,2005,HbL7HxyF9FOo
232,Toyota,Celica,1976,k93Lcsue47ey
233,Chevrolet,Prizm,1999,dPLt83QiGu
234,Mazda,Mazdaspeed 3,2007,Mx5XzAK4
235,Ford,Explorer Sport Trac,2003,zb0en50
236,Jaguar,S-Type,2003,yW7Kyhz
237,Mazda,B-Series,2007,qd2iQ0
238,Mitsubishi,Mirage,1997,wTB9VTsh5
239,MINI,Cooper Clubman,2012,IOWHAs
240,Toyota,Matrix,2011,NqKfOzn
241,Ford,Excursion,2001,RYfjRuZqw
242,Nissan,240SX,1997,Qqmwiugb
243,Mazda,CX-7,2008,CVDWI1TTPR
244,Acura,CL,1998,jGW9PD852Jt
245,Mitsubishi,Precis,1990,wEKmKIhh0hS
246,Mazda,MPV,1989,Nxtwkr6Hrc
247,Buick,Park Avenue,2004,MsDQCEQ5AqnF
248,Chevrolet,3500,1993,xc23Bfxx4
249,Dodge,Viper,1994,O5e4mq4r5qp
250,Jeep,Liberty,2004,dWzGLsUj4
251,Chevrolet,SSR,2004,iycusYTHrnd
252,Isuzu,Rodeo,2000,5hwUJn
253,Dodge,Viper,2010,VUycif4SBg
254,Nissan,Altima,2007,rbYr0XoxYGp
255,Lamborghini,Diablo,2000,0DQLfYNLk
256,Kia,Sorento,2008,KIw9tEGAu
257,Chevrolet,2500,1999,VHuDk4U
258,Pontiac,Bonneville,2002,qhx0iUDDA
259,Lexus,IS,2009,Z37dDem
260,Ford,Fiesta,2012,6UgFkQiUf2Q
261,Jaguar,X-Type,2006,mbWOVds
262,BMW,8 Series,1997,rWPca5N4u2G
263,Chrysler,Town & Country,1995,zAIGGeT
264,Ford,Ranger,1985,jjw7H9
265,Lotus,Esprit,2004,GHMWehgbkD
266,Suzuki,Swift,2000,hbItaymB9zy
267,Mercury,Tracer,1996,ywGxzLoTV
268,Plymouth,Voyager,1999,aKoVlCfQ
269,Chevrolet,2500,1994,kvbI0GlDYVS
270,Land Rover,Range Rover,2005,OAyOK4
271,Subaru,Outback Sport,2002,U8HwSB7
272,Ford,E150,2012,SsickBHPmLS
273,Volvo,S60,2006,Cc5QRYe
274,Toyota,Avalon,2007,Lk0R1LikfD
275,Mercury,Cougar,1987,lbr4P0f
276,Cadillac,DeVille,2002,uBVFtiBVGr7
277,Chrysler,300M,2002,WB7qL40tz
278,BMW,M Roadster,2007,Iwglmp
279,Lotus,Exige,2008,R9NFsXuXd
280,Mitsubishi,Montero,1994,dVsfZndEUbHr
281,Volkswagen,Phaeton,2004,rSj5yeNz
282,Jeep,Wrangler,2001,0V8NsVs
283,Isuzu,Trooper,1994,EGx36WqvY4Ga
284,Nissan,Murano,2012,Wybtvdw
285,Ford,Galaxie,1966,YaWFo9yUL0
286,Ford,Contour,1996,LHkpUZudJiOD
287,Lincoln,Aviator,2003,D4CKkkp
288,Ford,Crown Victoria,1996,xftwy1xx
289,Chrysler,Voyager,2003,5uKUfSd7
290,Ford,F150,2002,iGR6xWjkzkz
291,Aston Martin,V8 Vantage,2006,s0bigVB7ei
292,Mercedes-Benz,500E,1993,D5ZV8mm3C
293,Chevrolet,Lumina,1999,zpgg05qay1
294,GMC,Savana 1500,2008,WuJLjNxx77
295,GMC,Yukon,1992,1UlZjkBit2jk
296,Toyota,Tundra,2006,kU3zYai
297,Chevrolet,Camaro,1975,unA6PjS8U5hc
298,Mercury,Mountaineer,2001,UL9gKiLoeaf
299,Maybach,57,2010,BaxV2rZEJ
300,Subaru,Tribeca,2008,fzDV4Mt
301,Mazda,B-Series,2006,OBfKTJwltC
302,Dodge,Magnum,2005,DblXRF
303,BMW,X5,2007,bwIeZli8
304,Nissan,Altima,2004,HrlDBPwf6hc
305,GMC,Vandura 2500,1994,u3dHhmC
306,Chevrolet,Impala,2003,wJvgeWuNUw
307,Saab,9-3,2008,gFjXmZ
308,Subaru,Forester,2003,ypyRvK3UTNw
309,Nissan,Quest,1997,Hsm81ttl
310,Toyota,Tacoma,2009,VBxcgWNu
311,BMW,3 Series,2000,EGAbAdS
312,GMC,Sierra,2008,hCUnJ55Y8lt
313,Mercedes-Benz,CLS-Class,2008,gnH0Ix4
314,Honda,FCX Clarity,2012,OlNGBKcq
315,Acura,TL,2001,eyYLDm67y8n8
316,Mercedes-Benz,Sprinter 3500,2011,NmJBXLd
317,Hyundai,Sonata,1993,NHQnF9kh
318,Lincoln,Town Car,1998,zwHwoML0aG2
319,Pontiac,Grand Prix,1984,IiAhhA
320,Plymouth,Volare,1976,Q8ZIOD8vTH9
321,Saturn,VUE,2002,uMIDwC
322,Saab,900,1993,k063cw
323,Scion,xB,2004,bGJIHcS62Ntq
324,Ford,F250,1997,5AVn8Qi
325,Ford,Escape,2010,DQ04sJBdQCXP
326,Cadillac,Escalade ESV,2012,hQKugMpQ
327,Plymouth,Neon,1998,JwitvD
328,Saab,9-3,2012,i7gxKG2
329,Pontiac,Grand Prix,2000,JINjlx
330,Mazda,CX-7,2012,kE1Hh5YgQYtF
331,Hyundai,Veracruz,2012,rMcvsMnt
332,Lexus,GX,2010,Q9uegwt
333,Buick,LeSabre,1995,bZLA4enAqTEc
334,Dodge,Ram Van B250,1993,07bHJN
335,Kia,Sportage,2012,cDV2JLCZI
336,Kia,Amanti,2009,gK3WsCtULq
337,Isuzu,Ascender,2004,AYYSFsZdWmp
338,Kia,Rio,2010,pnkWFY
339,Chevrolet,Monte Carlo,1998,G2JTgrWE0Oj
340,Daihatsu,Rocky,1992,WIkVNZ4C
341,Chevrolet,Vega,1971,YrJ4EoaU6VC7
342,Honda,Odyssey,2008,CSv3rFqyLhB
343,GMC,Safari,2001,EAcB9gjV
344,Toyota,Tundra,2002,gFxnXuIoNqp
345,Land Rover,Sterling,1991,hPn0WS2GK6ej
346,Lincoln,Mark VIII,1998,N9jUt8Jra
347,Chevrolet,Impala,1994,gfFYhVlV
348,Plymouth,Breeze,1996,h36pRew3s
349,Hyundai,XG350,2004,hFkFHnezac
350,Toyota,Celica,1976,IeoFC2Vnjo
351,Lincoln,Aviator,2003,rMl3FgsQB
352,Mazda,Mazdaspeed6,2007,TzoFFKnR
353,Ford,F-Series,1995,AbFApiATK
354,Hyundai,Elantra,2005,COWkflOwrS6
355,Dodge,Viper,2004,vGMIgQoumt
356,Mitsubishi,3000GT,1997,trxqpOZgoaf
357,Porsche,928,1989,eBDG6hyIDs
358,GMC,3500 Club Coupe,1993,zheKadJ0j
359,Audi,80,1991,QOMljH
360,Dodge,Dakota,1992,KzPy15I
361,Cadillac,Escalade EXT,2010,cA4ell3rQt
362,GMC,Yukon XL,2006,WbcVmM
363,Nissan,Cube,2010,GPlaUDNEDR48
364,Ford,F-Series,1986,h7LoO5Oee9
365,Pontiac,G6,2009,cQmzydm4U
366,Mitsubishi,Tundra,2009,4aU2dqRikPf
367,Pontiac,Trans Sport,1997,cBZ3M8y
368,Chevrolet,Express 2500,1996,CwhYByg7gTpG
369,Scion,tC,2010,z6AY1h
370,Chrysler,Crossfire,2007,PrId4S
371,Hummer,H3,2006,A3GY07kgWIB
372,Mercedes-Benz,E-Class,2009,YQnkSKDsuEwK
373,Mitsubishi,Chariot,1988,C8T13dOGp1B2
374,Mitsubishi,Mighty Max,1993,MrJPDeCFJw
375,Acura,RL,2000,fcsd5nq9
376,Chevrolet,Tracker,2000,1eVyHDN3t
377,Dodge,Aspen,1976,hSKK1fa42HW
378,Chevrolet,Impala,2003,D0xTOGP0
379,GMC,Rally Wagon 3500,1993,8TCvkKy9Mt
380,Buick,LeSabre,1999,OROELO04E0
381,Dodge,Omni,1978,Dna4CYlx
382,Mazda,B-Series,1999,rx4UXdUHj
383,Mercedes-Benz,SLK-Class,1998,IHqkoX3W2yku
384,Mercedes-Benz,CL-Class,2009,OOryZDzT5yz
385,Isuzu,Rodeo,1994,7DKtWh6ERBk
386,Subaru,Legacy,2000,jZ3PsxliDx26
387,Nissan,Frontier,2005,iNm2JDn5o
388,Nissan,Pathfinder,1992,9UwUH7Xi1
389,Ford,Econoline E150,1994,wbrEypmw
390,Mazda,Mazda5,2009,TsxgpD
391,GMC,Envoy,2007,FH036F
392,Nissan,Rogue,2008,DybaRp3e
393,Chevrolet,Blazer,2004,oC13kYo
394,GMC,Jimmy,1994,7MfR5Uxt
395,Ford,Excursion,2000,HedHgGsgti
396,Acura,MDX,2012,lRHwV34
397,Mercedes-Benz,S-Class,1995,dJR6TEqY
398,Infiniti,J,1995,9YzeyF1
399,Honda,Odyssey,2006,bVr4uSjwtorm
400,Lincoln,Continental,1994,LCJJRUl
401,GMC,Sierra 1500,2010,fo0t6y6M8w
402,Mitsubishi,Diamante,1994,qez2aMXN
403,Pontiac,Gemini,1986,6xNK4NRe
404,Ford,E350,2003,hz96WeYvmyq
405,Nissan,Xterra,2005,xD6KCg
406,Chevrolet,Monte Carlo,2004,JIeHF4M4cQNC
407,GMC,Sierra 2500,2010,MTsoiFMD
408,Volkswagen,Scirocco,1987,ZagovivGXZ
409,Nissan,240SX,1994,5a4lr4Wt690
410,Mercedes-Benz,M-Class,2006,H90IbDF8
411,Lincoln,Town Car,2005,wA40zVDw
412,Toyota,Celica,2001,FEgUDtImX
413,GMC,Acadia,2007,GEsjXQtuy
414,Cadillac,STS,2006,f4Wj2iv
415,Mercury,Mountaineer,2008,NIFUFg
416,Mercedes-Benz,S-Class,1985,gaXPsx
417,Acura,Vigor,1994,sieVjN
418,Plymouth,Prowler,1997,lbiUgfjUZ
419,Chevrolet,Cavalier,2005,G7hfEIz0
420,Toyota,RAV4,2002,JHfZmLq6NZ
421,Mercury,Mystique,1997,gLCeCw4sp1
422,Lamborghini,Diablo,1996,Qu1oyynP
423,Nissan,Versa,2008,iEVzNMJM
424,GMC,Sierra 1500,2003,qmDIX9zgE4
425,Aptera,Type-1h,2010,iO2m1u278
426,BMW,6 Series,2006,0FiGkxf7
427,Chevrolet,Cavalier,2004,Z3WGK7B
428,Mazda,Tribute,2011,wSBmMgw
429,Chrysler,Cirrus,1997,5PhWKYgFOX
430,Mercury,Grand Marquis,2007,Hgek0ECra
431,Toyota,Celica,1998,QmBYmtgAn
432,Chevrolet,Venture,2001,b5KuenjG
433,Oldsmobile,Alero,2002,aYLfKT
434,Lincoln,Navigator,2006,1rX7rqX
435,Toyota,Land Cruiser,1994,2ZAMvNFf
436,Chevrolet,Astro,1992,ocJTtmLG
437,Eagle,Talon,1993,09j11RkvPwfd
438,Acura,RDX,2010,KKePjyPok
439,Ford,F-350 Super Duty,2006,BTWOIjtdegvC
440,Ford,LTD Crown Victoria,1993,sT4w5QlkN
441,GMC,Savana 2500,2007,SzkN7KFjhzCr
442,Chevrolet,Corvette,1953,PNN8MJQAoVAk
443,Ford,EXP,1984,QwJJhBHl
444,Volvo,S80,2004,k49mER9NpS7I
445,Toyota,Land Cruiser,2003,Br0UTQMA
446,Suzuki,Sidekick,1994,xusyx6O16
447,Saab,9-7X,2006,rCiUC8mxViL
448,Jeep,Grand Cherokee,2006,XdSTl6r2
449,Mitsubishi,Eclipse,1992,LADdoEb
450,Dodge,Dakota,1992,QfFt5i3
451,Infiniti,QX,2011,KpeCZLz
452,Pontiac,Firebird Trans Am,1986,hq3rTmJmBj
453,Ford,Focus,2005,CfTLXkBm
454,Ford,F-Series Super Duty,2007,CKVTMi
455,Pontiac,Gemini,1989,njnzbipCzS0
456,Maybach,62,2003,RGuUWHUeQw
457,Chevrolet,S10,2000,OoEpLD9qg
458,MINI,Cooper Clubman,2010,rDgEP1my9X5
459,Lotus,Esprit,1991,exzQSZiumVM
460,Suzuki,Grand Vitara,1999,4zs1meic8
461,Saturn,VUE,2003,yuLHXLsTT
462,Audi,Q5,2009,ljf3MqpOF
463,Ford,Windstar,2000,rfUCjbH
464,Chevrolet,Corvette,1968,hs6d439M
465,Land Rover,Range Rover,1996,urWmC0IjXVP
466,Ford,Ranger,1984,i0VkFBO
467,Volkswagen,Touareg,2011,SMi4NBg
468,Honda,Civic,1991,9MUN2gFW4Vn
469,Ford,Expedition,2004,CmW3NnTB4
470,Mazda,929,1990,y0IsN7DYiY
471,Ford,E350,2007,tH3hB3n
472,Ford,Edge,2012,wWDN0uUg8LMu
473,Buick,Roadmaster,1991,hgrQB9
474,Dodge,Avenger,2010,nYSr7Rf9FPu
475,Plymouth,Horizon,1978,1JTdVyJV
476,Suzuki,Samurai,1992,viY4OwEmEn
477,Chrysler,Concorde,1998,6I53TbZZ3S9W
478,Volkswagen,Cabriolet,1987,1t9X3in
479,Subaru,Outback,2012,0bPPkN2yuyYn
480,Mercedes-Benz,S-Class,1998,E0NjvCBQjwGZ
481,Pontiac,Sunfire,2001,uCr2ASh
482,Chevrolet,Blazer,1998,eurUZk
483,Chrysler,Sebring,1998,c4haGHS
484,Mazda,MX-5,1992,i4QDNLlxl
485,Subaru,SVX,1995,k6A4OLE
486,GMC,Yukon,1994,s6odpD
487,Buick,Skyhawk,1986,wzWmLWahyrI
488,Oldsmobile,Silhouette,1993,sx7brgEMQu
489,Ford,EXP,1985,uRNrtRY
490,Suzuki,SJ,1995,0p0xpa8XATzi
491,Subaru,Legacy,1999,8plmsF1
492,BMW,M3,1996,rwzWB7cjIS7
493,Ford,Excursion,2001,BEfiAoe8njQK
494,Lamborghini,Countach,1986,lXQXHcbJ
495,Cadillac,XLR,2007,qsl3Q5OnzQL0
496,Nissan,Altima,2008,NvdrggQP
497,Scion,xD,2010,PyJagtTnf
498,Mazda,B-Series Plus,1993,LkzuTSGzZY
499,Nissan,Quest,2004,rpPaudhb9
500,Dodge,Grand Caravan,2006,4MiFMJAoSh
501,Chrysler,Sebring,1997,OUQvFQCl9
502,Mitsubishi,Eclipse,2004,Ovpfa0W
503,Ford,Explorer Sport Trac,2003,XHOHDJp
504,Lotus,Elan,1994,KNZQNreun
505,Toyota,Celica,1994,SLvXFL
506,Chevrolet,Corsica,1993,k79IlWimfaOI
507,Volkswagen,Jetta,2005,hBUBreZ
508,Ford,E-Series,1990,HJU78z23y2nN
509,Ferrari,599 GTB Fiorano,2009,0Eu3SSa4zV
510,Audi,Q7,2010,2RVfoUgGCDOm
511,Nissan,370Z,2009,n8j2TAEHjz6
512,Porsche,Panamera,2011,zYMnaOZ
513,Mercedes-Benz,SL-Class,1989,XY9JjXu1Td
514,Ford,F-Series,1995,SKXXFdXwGn3
515,Oldsmobile,Achieva,1998,Ca8dVAaYO
516,Oldsmobile,Silhouette,2002,uazZLUPmS5AQ
517,Chevrolet,Silverado 3500,2012,31I0lBiCwO3w
518,Mitsubishi,Mirage,1987,8iHx5tRVPVIQ
519,Pontiac,Sunfire,2000,1FHD0alk1
520,Chevrolet,Cavalier,2000,x5eVQuGfh4
521,Volvo,C70,2000,ERurhryFE5k
522,Pontiac,Trans Sport,1997,qTci8GCmOp
523,Cadillac,Seville,1999,91DYO0DdD
524,Dodge,Ram Van 1500,1997,I82o7JU
525,Oldsmobile,Cutlass Supreme,1996,FlTpOR0
526,Toyota,Sienna,2002,4movtl
527,Acura,RL,1999,YGCWwwaL
528,Mitsubishi,Galant,1998,wi09XL
529,GMC,2500 Club Coupe,1996,FZUIM2
530,Volkswagen,Tiguan,2009,LilLHj9
531,Acura,TSX,2009,rt2Hum
532,MINI,MINI,2002,H54xS9
533,Dodge,Avenger,2009,GYYaFZZ
534,Saturn,L-Series,2000,sA1SkMh
535,Cadillac,Escalade EXT,2003,5xMBS4RiVzV
536,Subaru,Justy,1994,luH9bVUzH
537,Dodge,Ram 2500,2005,np2FOSg
538,BMW,Z4 M,2008,6yOD5Hcy49Hp
539,Infiniti,QX,2012,wsr8gZ1z
540,Cadillac,Escalade EXT,2011,HdAu35VtBt
541,Mitsubishi,3000GT,1999,NlM06SSG
542,Chevrolet,Suburban,2011,KEyxI71m
543,Honda,Civic,2004,et8pbeafF
544,Lincoln,Town Car,2008,okTsnxWq9p
545,GMC,Sonoma,1993,RQWUcOCxQ
546,Mercedes-Benz,Sprinter 2500,2012,V5XNr7Kmnb
547,Ford,LTD Crown Victoria,1990,biP3lrsg
548,Land Rover,Freelander,2004,bwrBhy
549,Mitsubishi,Mirage,1992,KydGbPGvJ
550,Ford,Expedition EL,2010,sCNgv2R788
551,Nissan,Quest,1995,wocu33c
552,Chrysler,Sebring,1999,xPGW5XH
553,Mercedes-Benz,C-Class,2000,1Egjhv
554,BMW,M5,2008,j0lizSGh
555,Lincoln,Town Car,2001,ahbpVSQkR
556,Hyundai,Tiburon,2009,SArpjrcyuVz
557,Toyota,Highlander,2008,V1myYQ8Jq065
558,Mitsubishi,Endeavor,2007,iqx9JT
559,Ford,LTD,1985,g73uH8N
560,Chrysler,LHS,1995,I79wsQ
561,Pontiac,Bonneville,1993,PASCDTDqQ7eC
562,Saab,9000,1998,fesoHwzo8j
563,Toyota,Land Cruiser,1994,VQfDsxwyLDTe
564,Toyota,Camry Hybrid,2012,3GneNaXg
565,Suzuki,Aerio,2003,D4goda1Au
566,Dodge,Viper,1996,mhy1NoO4
567,Volkswagen,Passat,1998,vua53mQZzo
568,Subaru,Tribeca,2008,nC27yAc0u
569,Acura,RDX,2008,SpdeB2BsqM
570,Cadillac,CTS-V,2007,Ogrisg
571,Ford,Explorer Sport,2003,S4eimagTk
572,Mitsubishi,Mirage,1990,Y1IlM00E
573,Toyota,Tacoma Xtra,2003,VxH5lpzg
574,Mitsubishi,Eclipse,2004,EgKa7eTOCR5
575,Mercedes-Benz,R-Class,2006,1IyxIEx
576,Volkswagen,Beetle,1967,PYw0OqmJy
577,Lincoln,Town Car,1987,MXffEEKet
578,Lexus,LX,2003,4OBhjsrIZ6H
579,Toyota,Sienna,2011,abA1Fs
580,Porsche,Cayenne,2012,QdAOZHWl
581,Toyota,Tercel,1992,ivJu9SJA
582,Lincoln,Mark VIII,1996,WZfUCzzi
583,Buick,LaCrosse,2009,9x4FCR
584,Hyundai,XG300,2001,AeFQzC7cac
585,Cadillac,SRX,2006,vy6kq4z5
586,Dodge,D150,1992,IovY1j4hC
587,Cadillac,Seville,1995,lUOHLlqo7
588,Lincoln,MKX,2007,PfcjwX
589,Volkswagen,Eos,2010,XnFx7Xfgdzw
590,Jeep,Wrangler,2002,zC4VOkMvM
591,Nissan,Titan,2005,CG8am6Njnh
592,Chevrolet,Avalanche,2002,JTENa6dzR
593,Mazda,626,2000,Ac5TWeVU
594,Ford,Mustang,1974,9kSjxZJ6b2Z
595,BMW,X5 M,2012,Y4QcXLFCeZJK
596,Mercedes-Benz,G-Class,2012,ig7236QPz
597,Kia,Optima,2002,8g8A5kpw5E
598,Suzuki,Daewoo Lacetti,2008,oLIvu2P3PDHu
599,Volkswagen,Scirocco,1984,rV0J0o4e7
600,GMC,Yukon XL 1500,2000,0J8fGw
601,GMC,Savana 2500,2004,K0deFxx17Bf
602,Audi,100,1993,3MdRM9OmewsZ
603,Porsche,911,1998,ZUXfgK67sl
604,Mercedes-Benz,SL-Class,1996,YKKuwkLtdASx
605,Honda,CR-V,2003,NZW55GEx
606,Audi,90,1993,mM01ZJTJ1H8
607,Plymouth,Prowler,2000,Z24s5Py
608,Subaru,Impreza,1996,1lZGJWyq
609,Land Rover,Range Rover,1988,6bvvTV
610,Cadillac,CTS,2006,KhvYclVgv
611,Subaru,Legacy,1993,bdYtBQ9KL2
612,Dodge,D250 Club,1992,UhecqzlYB
613,Mazda,Mazda2,2011,rfeKqK
614,Ford,Windstar,1999,zvwVBw5SQiF
615,Chevrolet,Silverado 2500,2006,SmOVyS
616,Toyota,Camry,1993,129P5T
617,BMW,5 Series,2009,var5Ru7sT0
618,Ford,F350,2001,ULkPQfGn
619,Volvo,C70,2007,eDBHxoG2g
620,Volkswagen,CC,2011,rvVLPBb
621,Oldsmobile,Aurora,1996,RnjvEdo6
622,Dodge,Dakota Club,2000,MamQ1BRge
623,Cadillac,CTS,2005,QPhdss3psxu
624,Pontiac,GTO,1969,Be5ueqzc
625,Mercedes-Benz,C-Class,2012,9gn8zWIi62yX
626,Chevrolet,1500,1998,aqiBfQHKN
627,Ford,Mustang,1966,1lS5gY
628,Chevrolet,Cavalier,2002,CambvTCxftrA
629,Audi,riolet,1994,T1bPqF
630,Subaru,Brat,1984,5qwTT3uPD7w
631,BMW,8 Series,1993,vA4uDwcS
632,Dodge,Durango,2004,8khPTL
633,Bentley,Azure,2007,ChfQiW
634,Maserati,Quattroporte,2010,maZZ4M1S
635,Acura,RL,1996,Qz5wnXZv8
636,Ford,Focus,2007,6nIKSr591
637,Ford,Flex,2012,k4K6kkY
638,Volvo,C30,2011,nYnK3SoMiEOA
639,Geo,Tracker,1992,ktrkhZ
640,Audi,TT,2012,WxPLWJherAMJ
641,Honda,Civic,1991,Frr4edr
642,Volkswagen,Cabriolet,1985,ougv9T35KX
643,GMC,Sierra 2500,2010,xCIXGhpm
644,Mitsubishi,Eclipse,2003,tVEde8LN1eQ
645,GMC,Envoy,2000,S2cQplHbV
646,Buick,Enclave,2011,GzaQ7qlm
647,Mercury,Milan,2011,Qhsx5Nvv8Sd
648,Dodge,Dakota,2008,F6mCWmE8yrn
649,Lincoln,Town Car,2002,5pnO4aT
650,Infiniti,Q,2000,LBS5QF
651,Maserati,Quattroporte,2009,PEPkgOu
652,Volkswagen,GTI,1985,3z4gAfCy
653,Suzuki,Sidekick,1993,DM0j4jiT
654,Ford,E250,2005,dsFiMI
655,Chevrolet,3500,1998,x0RRWyTk
656,Bentley,Azure,2006,BS0wjMCt7
657,Mercedes-Benz,C-Class,2001,IoT3LIaoJ2ns
658,Honda,Passport,1997,ltgYsUTha
659,Volkswagen,R32,2004,M3l9XK5w
660,Honda,del Sol,1993,xtJKlhXwM0ea
661,Chevrolet,Express 1500,2009,lArC6vA
662,Pontiac,Firebird,1969,OnmtwDLr9
663,Audi,S5,2012,MAJqOEj9NB
664,GMC,1500,1996,sSTvk5
665,Plymouth,Laser,1989,LOqJGtgGVzOJ
666,Pontiac,Fiero,1984,YAHTUu
667,Dodge,Caravan,1998,s8IGlQFlDA
668,Infiniti,QX,1997,VXi2oqt
669,Plymouth,Voyager,1992,XsLA8cZ
670,Mazda,626,2000,JpvDrmFTkgA
671,Ford,Freestar,2005,Fs2kHxtKIT
672,Chevrolet,Impala,2008,6r7Vvf
673,Mitsubishi,Truck,1988,Dk8K0tG
674,Chevrolet,Avalanche,2011,V91LgJ507M
675,Acura,MDX,2001,WngIOS
676,Pontiac,Montana,2000,Mymu3xh
677,Mercury,Tracer,1993,zLcWtgRjT
678,BMW,8 Series,1993,KjqIhKJCI
679,Jeep,Grand Cherokee,2006,lRGFSo7QVZV
680,GMC,Savana 1500,2006,tsqVpyjML
681,Hyundai,Tiburon,1997,hxfp3rY
682,Saturn,Relay,2006,XKQaur
683,Toyota,Highlander,2010,TK7PTnP9xkNy
684,Ford,Club Wagon,1992,CSUVd3Jn
685,Mercury,Sable,1998,vnSnSvv3SDB
686,Toyota,Matrix,2005,VASgqwiEt9Dq
687,Land Rover,Defender 90,1994,v15Ai8YNg
688,Acura,NSX,1992,EGwpVWfcMaTh
689,Honda,Passport,2000,cbCjio0N
690,Mitsubishi,Galant,1985,5wvABab5M
691,Mercury,Mountaineer,2010,gR7q1LR6
692,Lexus,GX,2009,HK001SomFf
693,Ford,Edge,2007,lsP0oUjD92f
694,GMC,Rally Wagon G3500,1995,Bg1TydW
695,Nissan,300ZX,1995,GqHMUHnZAX6H
696,GMC,Yukon XL 1500,2003,Ojr5qS
697,Volkswagen,Cabriolet,2002,sa5Nz5A4i
698,Mazda,Familia,1987,ZPEu4yfEX7S
699,Ford,Focus,2005,nEaMCNRXpuvi
700,Chevrolet,Traverse,2011,NItSA3IAsF
701,Toyota,RAV4,2005,TcFbXl8
702,Chevrolet,Lumina APV,1993,ZhrPPrsUq
703,Mitsubishi,Mirage,1999,Jjy5FuppUg
704,Pontiac,6000,1984,cBaKDih
705,Mitsubishi,Outlander,2005,9xngu0iHgVwR
706,GMC,Vandura 1500,1994,pwD1Tf1
707,Maserati,Spyder,2002,xeQjZsO
708,Volvo,S80,2002,gMbZeRbeDY
709,Volkswagen,GTI,2000,UVcgmLd
710,Ford,Crown Victoria,2007,iK6ZRG5GjZiS
711,Chevrolet,Impala,2004,uHWExhdb
712,Mazda,Navajo,1994,BARc8dIqN
713,Porsche,928,1987,ViDZLXAXkI5
714,Mitsubishi,Lancer,2004,LgpUsg9R0Sl
715,Dodge,Caravan,1999,MloQ1SMDsc
716,GMC,Sierra 3500,2004,giCAs6VZex
717,Ford,F350,2008,FyAgzD
718,Porsche,928,1985,gS4EEVZu4
719,Maybach,62,2005,ri33m6zaXR6u
720,Chevrolet,Silverado 2500,2006,kWbeGkU
721,Pontiac,Bonneville,1990,qAIGK3b
722,Ford,F-Series Super Duty,2009,O3KoHQ
723,Hyundai,Elantra,1997,G5XU6us5L0s
724,Volkswagen,Fox,1992,Dq7gYp5Q1t
725,Dodge,Ram Van 1500,1997,W8ewqwTh2
726,Jaguar,X-Type,2007,fa3rE9b
727,Chevrolet,Express 1500,2001,PoWqaPrAVZ
728,Ford,Club Wagon,1995,xGACyxy136w
729,Chevrolet,Express 3500,2002,rdXrbi
730,Chevrolet,Avalanche 1500,2005,HmsLx9yRcDsK
731,Lexus,GS,2008,ciSmb3
732,Aston Martin,V8 Vantage,2010,kupcgtx
733,Ford,E-Series,1985,F5pPo6eBKH
734,Lamborghini,Countach,1989,CFvQhBPWDuEb
735,Ford,E-Series,2010,xS5uT1EEB04
736,Chevrolet,Avalanche,2002,wiusHUUOq2
737,Mercury,Cougar,2000,dh99IYFs
738,Mazda,Mazdaspeed 3,2011,nvjCsyZ2v
739,Lincoln,Navigator,1999,oIQjEjl
740,Dodge,Dakota,2010,06FbZ9UiT
741,Mazda,B2600,1987,N1m5jw
742,Chevrolet,3500,1994,PFIR7OuSRGx
743,Hyundai,Veracruz,2010,P8VZ8rErNuIz
744,Ford,Excursion,2000,gTPMZqa0hO
745,Bentley,Arnage,2008,9UDfi7
746,Audi,Quattro,1993,ak9UEgl2kBV
747,Dodge,Magnum,2006,ririguZk
748,Dodge,Dakota,2007,FI77TF5f
749,Subaru,Legacy,2002,3sy9ibROh
750,Lotus,Esprit,1997,5OQatGNzAwgE
751,Toyota,Celica,1994,k5XcojQv
752,Oldsmobile,98,1994,eFu4LHi
753,GMC,Savana,2009,mA4iN0
754,GMC,Yukon XL 1500,2008,3jqXTh4
755,Honda,Civic Si,2006,RXv4xJwdZa
756,Toyota,Highlander,2009,Njh6Xd
757,Nissan,300ZX,1995,m4cT5jTJl
758,Audi,5000S,1985,2g2s4LN
759,BMW,Z4,2003,Iy6xDOA0HcqW
760,Mercedes-Benz,S-Class,1984,Js68J2ZvNTR6
761,Cadillac,Escalade EXT,2009,g5Lmcd
762,Porsche,911,2013,3yZY5YQmi
763,Mercedes-Benz,G-Class,2011,YuNsDdo4
764,Chevrolet,Express,2012,mxCcBxn6Qqx
765,Suzuki,XL-7,2006,8kqtn64Aq
766,Honda,Odyssey,2004,yqtevIDQe5
767,Mercedes-Benz,E-Class,2008,LFFF8jxFV4
768,Hyundai,Sonata,1995,Cq5mDq10X
769,Acura,TL,1999,9wLJdr9
770,Jeep,Wrangler,1999,mykk7e
771,Volkswagen,Scirocco,1986,Le1P8Ka7t
772,Mercury,Cougar,1999,VjhveXmSRd
773,Nissan,Armada,2008,k10U5bW
774,Ford,Thunderbird,2002,Kwlynvh
775,Mercedes-Benz,300SL,1993,fM5olsX7dca
776,Dodge,Neon,2003,HOz5PH7hIKVZ
777,Lexus,ES,1995,P5CFJINk9Sa
778,Cadillac,CTS,2003,ktNB8cq9
779,Pontiac,Sunfire,1995,9fAyEYWaxYw
780,Nissan,Altima,2000,zOnL0xRV3
781,Chrysler,Sebring,2001,YBvRBj5j6Lj6
782,Suzuki,Swift,1990,eahB9qfTsZ
783,Volvo,C70,2010,ELHPRM8bl9
784,Kia,Sephia,1998,wXOJqQMAceoE
785,Pontiac,Grand Am,2001,wiyc4RP
786,Oldsmobile,Alero,1999,jEgoKPPsT
787,Austin,Mini Cooper,1964,R9c0Xxqnzg
788,Pontiac,Firebird,1989,C3YCyFhs
789,Kia,Amanti,2008,QWnxdqKQl
790,Jaguar,XJ Series,2002,oJO72q5IY
791,Ford,Mustang,2007,fMCkFei3
792,Toyota,Avalon,1995,EOT1safQ
793,Buick,Riviera,1986,7GQg9M0p
794,Chevrolet,Avalanche,2006,f7qeAqMEFhR4
795,Buick,LaCrosse,2007,wbF1wl
796,Mercedes-Benz,GLK-Class,2011,ZsffZHRfo
797,Ford,Flex,2011,sjUvAwSHQS
798,Mitsubishi,Montero,1999,QqooF6397
799,Maserati,Quattroporte,2010,EEsew05KAdd
800,Nissan,Quest,2012,ZoCCODUYv
801,Suzuki,Forenza,2005,KvNx67t5
802,Ford,Crown Victoria,2009,OSmeNIVRH3
803,Pontiac,Firebird,1990,aoYf5EMK9uSF
804,Dodge,Challenger,2009,o8y4UFaES5Cj
805,BMW,5 Series,1995,E1YyIHcnWJL
806,Buick,Electra,1987,FB1HG3V
807,Pontiac,Sunfire,1996,ehMuU1e
808,Dodge,Neon,1997,RQFeeKwwnr
809,Dodge,Ram Wagon B150,1993,Q9v1d9
810,Buick,Century,1993,uAwR9Q
811,Hummer,H1,1997,0Cy2P6PUvZ
812,Volvo,V40,2004,foeJYTRpH
813,Acura,CL,2003,ctjnrahlLP
814,Mercedes-Benz,SL-Class,1985,swABQv6DFh
815,Audi,Cabriolet,1997,q1ZtENe0
816,Dodge,Intrepid,2002,ydFtMbW
817,Toyota,Echo,2005,f12BAsZ
818,Holden,VS Commodore,1997,cXwZknkym10a
819,Plymouth,Laser,1993,ep5HyOX8
820,Pontiac,LeMans,1988,3qUxSA
821,Volkswagen,Golf,2003,lZDCjX
822,Ford,E-Series,1985,NT2sly43er
823,Lamborghini,Murci√©lago,2002,qvW1rWRVUu
824,Audi,A6,2000,qiGHTB6hf1Bx
825,Lexus,ES,2000,rQJcxiqA3
826,Chevrolet,3500,2000,SfhcG9mRo
827,Lincoln,Town Car,2001,W3kQidK
828,Porsche,Cayenne,2006,nk8aswrnl
829,Volkswagen,Cabriolet,1990,qgwuKpTfUsvS
830,Volvo,S80,2004,EUt2SpVxDyOn
831,Chevrolet,Suburban 2500,1996,EMXZioatb
832,Lincoln,Navigator L,2012,6BUUOFu7u8j
833,Chevrolet,Express 3500,2010,R5PxBM
834,Land Rover,Discovery,1994,DwyMI2Ena
835,Hyundai,Elantra,2006,GHoYkJb
836,Chevrolet,Express 3500,2010,StwrzuTld
837,Mazda,Familia,1986,4KdmCk
838,Oldsmobile,Bravada,1998,81bVXumR
839,MINI,Cooper,2003,4GPVPkfjaE
840,Chevrolet,Malibu,2004,OLfWBr3zrQ
841,Chrysler,Imperial,1926,qwpP9cFPBLhr
842,Oldsmobile,88,1996,5Qn35z
843,Ford,F150,2010,AOhEpJpJZKec
844,Jeep,Patriot,2012,TrnPrl9rjE
845,Nissan,Quest,1993,JfsH1KPF
846,Isuzu,Ascender,2006,hBLbAh3
847,Mercedes-Benz,C-Class,2009,oBkgDQnD
848,Dodge,Durango,2012,sTPaEPW8
849,Mitsubishi,Chariot,1995,J0wDvf
850,Honda,CR-V,2008,g3tT0PLO4ykQ
851,Acura,TL,2005,x6GnYBGm2nJr
852,Hyundai,Sonata,2013,s3ztHw03sY
853,Nissan,Sentra,1997,HFX0mC
854,Audi,A8,2002,ds6Z0FYNXSEr
855,Infiniti,Q,2005,Rh4QyacaQy
856,Toyota,Camry Hybrid,2008,4D25rOba
857,Mazda,MPV,1997,Oq5Rt81HNL
858,Nissan,Quest,1994,5IDINY71xbBw
859,Ford,Crown Victoria,1995,agixei2J
860,Ford,Explorer,2002,gYFoqo
861,Infiniti,QX,2002,xOSSFm7
862,Jaguar,X-Type,2002,kemqUm8
863,Lincoln,Mark VII,1992,01K1eyg
864,Toyota,Land Cruiser,2006,PJVoUTbJ
865,Chevrolet,Suburban 2500,2007,pdTqBidDVR
866,Porsche,Boxster,2007,nahcs05
867,Land Rover,Discovery,2005,rDVAbeV70
868,Nissan,Quest,1998,j6Z11HO02J
869,Subaru,Leone,1987,pyfomlxOFdmL
870,Chevrolet,Tahoe,2004,vH2ka6OoF
871,Subaru,Impreza,2005,KurKkM
872,GMC,Canyon,2011,VgNQL1kgy
873,Hyundai,XG350,2004,1RPjNJwO1H
874,Kia,Sportage,2010,WgcdnYA8KKS
875,Ford,F450,2010,UJBo1OnB
876,Chevrolet,Sportvan G10,1993,xRvcVPz2ozMJ
877,Nissan,200SX,1996,klT44fT
878,Ford,F350,2012,Og8kBT
879,Plymouth,Voyager,1998,mnpN1GKzx
880,Volvo,V70,2000,dRZSWImV
881,Honda,Ridgeline,2009,OS4hGbJqe
882,Pontiac,Firefly,1992,EZmc7WWizVwB
883,BMW,X3,2012,YilZTjhKfO4j
884,Infiniti,Q,1995,aY8GdGJ
885,Ford,E250,2012,0EsEog2
886,Land Rover,Defender 110,1993,dRwMSPEeuT
887,Ford,Focus,2003,CCfXJrDQqt5
888,Hummer,H1,1995,e8tPDEt78EVN
889,Dodge,Charger,2006,jRFDm1xLRzjx
890,Ford,Mustang,1969,1hDISpLdn
891,Mazda,Mazda5,2006,VIkn9Tiu
892,Mazda,B-Series,1990,fMMqfdy18X
893,GMC,Safari,2001,yPvJlSbuiVJ
894,Mazda,Miata MX-5,2009,DtXyRuKsCirg
895,Toyota,Tacoma,2004,LGFfWpZS
896,Ford,Mustang,2008,GCviYEeSSyyr
897,Infiniti,I,1998,lzMiXWRO1Ni4
898,Chevrolet,Silverado,2010,cTzP9SnP
899,Volkswagen,Cabriolet,1992,CiKpUnG5tO
900,Volvo,XC90,2012,BLyrsIhsaO
901,Toyota,4Runner,2007,UwOL1Et262R2
902,Chevrolet,2500,1997,cuBG26L
903,Lexus,IS-F,2008,gSx4s6a6TMZ
904,GMC,Savana,2009,Pqj1mHEW3
905,Bentley,Continental GTC,2007,tput6G
906,Isuzu,Axiom,2002,D1q6EU
907,Suzuki,SJ,1986,LOvYfcwmC
908,Hummer,H1,1995,B7mCRk8
909,Aston Martin,DB9 Volante,2006,pvGEGJiX
910,Volvo,V40,2003,Cs5KxAJ9ikt
911,Toyota,4Runner,1998,EmsqoU
912,Ford,Mustang,2008,R0crw2gW
913,GMC,Canyon,2005,40gAm58W
914,Ford,Club Wagon,1998,BMUgcqjRw4
915,Ford,Flex,2009,KC34oB
916,Mercedes-Benz,SL-Class,1998,oSsEHt
917,Mitsubishi,Diamante,1996,N4fz9yLeBs
918,Chevrolet,Venture,1998,Q3WSvWQpASD
919,Pontiac,Grand Prix,1978,RYm4CIYlE3gx
920,Land Rover,Range Rover Evoque,2012,oeafIvXSGqx
921,Lexus,GX,2008,rCyUBang7QE5
922,Isuzu,Hombre,1998,BaMX5XzHM
923,BMW,M5,2010,p3fbczEYWZC
924,Ford,Bronco II,1990,hw3xl1
925,Oldsmobile,Alero,1999,uOyb8z35qEaf
926,Saturn,Ion,2004,EnxvDVu
927,GMC,Sonoma,1995,g7VdxCDy
928,Mitsubishi,GTO,1994,BDPYcO
929,Suzuki,X-90,1998,n3NXGCI
930,Ford,Flex,2010,Qet71kgKIPv
931,Ford,Club Wagon,1993,fZ7DPThqDrO
932,Pontiac,Sunbird,1989,mHCbZMTmw
933,Pontiac,Grand Am,1985,pqEDoCCc7X
934,Buick,Riviera,1991,FoAI9VbZQf
935,Mitsubishi,Chariot,1992,srliWSCqtCA
936,Land Rover,Discovery,2010,Y7GPORUS
937,Hyundai,Sonata,1996,GR9i5qCK7G
938,Suzuki,Daewoo Lacetti,2006,FkvMvCfy
939,Mazda,B-Series Plus,1994,mTaijQ
940,Pontiac,Firebird Formula,1999,NIJW6WMXTHMm
941,Oldsmobile,Silhouette,2001,xgIX42Bxapx
942,Mitsubishi,Precis,1990,HO6XAGf
943,Mazda,323,1992,br3KqkQIAE2m
944,GMC,Canyon,2006,IQcMOR
945,Volkswagen,Touareg,2006,0q5X2l7RRVv
946,Audi,S6,2008,C2eDc0o0gjt
947,Plymouth,Colt Vista,1993,M4zO3LmGLpF
948,Nissan,Murano,2005,ulH3V8D7ld9
949,Mazda,RX-7,1983,5uFHCCQKV
950,Ford,F250,1999,FGlAhGN1kp
951,Lincoln,LS,2006,jXCpb6NjYz
952,GMC,Suburban 1500,1997,ykcX297ziIn
953,Saab,9000,1994,CmcMa1BTJ
954,Kia,Sorento,2003,bt85FMnXUmh
955,Dodge,Ram Van 3500,1998,JjPjEqEqjU
956,Pontiac,Grand Prix,1993,2Sxc3UYYY98N
957,Ford,Taurus,1989,yUyPmpK
958,Mitsubishi,Lancer,2001,Vk78oDyarbHd
959,Volkswagen,R32,2008,cIsMlSnX0aa
960,Mercury,Capri,1994,iRtfdF0vF
961,Alfa Romeo,Spider,1994,uf62zi
962,Rolls-Royce,Phantom,2010,pPMjkR
963,Pontiac,G6,2008,350ObHBi9jMY
964,Ford,F-Series Super Duty,2012,XyFiLWevwr
965,Audi,RS4,2007,30856MB
966,Ford,EXP,1985,Qzla608j
967,Mazda,MX-6,1997,56jg13h3
968,Mitsubishi,Precis,1993,Q5LUGUuppmsG
969,Mercedes-Benz,G-Class,2002,wLYp0Kr0xF8u
970,Land Rover,LR4,2010,2rEbuO63W
971,BMW,5 Series,2005,zsyAVk
972,Cadillac,CTS-V,2006,CB6EhkBaA52
973,Cadillac,XLR,2006,8Lhes7
974,Dodge,Ram 3500,2002,NGdCQG
975,Lotus,Elise,2005,8cXnuNq3xk
976,Toyota,Tundra,2000,QHK0Gji7
977,Pontiac,Bonneville,1994,sBQNUCO9
978,Ferrari,458 Italia,2012,eZHyoUR
979,Mercedes-Benz,R-Class,2009,HAv8njHtUs
980,Chrysler,LeBaron,1992,HKNDjtI2n
981,Mercury,Topaz,1986,zM8dQz2I
982,Studebaker,Avanti,1964,0ilqTYfUmqcY
983,Chevrolet,Suburban 1500,1997,XrwEDoO0iR7
984,Chevrolet,Camaro,2012,qbZNfYQ
985,Nissan,Versa,2012,U01mVC
986,Ford,Expedition EL,2012,oCr8iu
987,Hyundai,Elantra,2000,0NPvk08
988,Chevrolet,Express 3500,1997,nblEFaWx
989,Volkswagen,Golf,1988,5PyilA
990,Plymouth,Prowler,2000,bnzXcIeuKiL
991,Mazda,Millenia,1995,iNdayJxn6qkj
992,Land Rover,Range Rover Sport,2010,XVQpA5Dl
993,Mazda,Tribute,2004,DlOGzw
994,Pontiac,Safari,1987,TMInvwCd2lS
995,Nissan,350Z,2004,e8EqEUBZh6I
996,GMC,Envoy,2002,PU1dchTCGO
997,Ford,Bronco II,1985,A2cJLJEETfw
998,Chevrolet,Silverado 2500,2001,BzPDQc6nwl
999,Land Rover,Range Rover,2004,e1q7agl
1000,Nissan,Xterra,2003,03SQ81rb4J